rgm_ppg,sub
PPG_ATTR1_060EEA37 | PPG_ATTR2_2BEF0FAC | PPG_ATTR3_026710C4 | PPG_ATTR4_AE186179 | PPG_ATTR5_EB6411FA | PPG_ATTR6_92B72C5A | PPG_ATTR7_164D04A0 | PPG_ATTR8_815FCC11 | PPG_ATTR9_C4CA4238 | PPG_ATTR12_2BEF0FAC,2
PPG_ATTR1_4CE7686A | PPG_ATTR2_2BEF0FAC | PPG_ATTR3_16B57C4F | PPG_ATTR4_AE186179 | PPG_ATTR5_16B57C4F | PPG_ATTR6_92B72C5A | PPG_ATTR7_A87D5006 | PPG_ATTR8_8FD1F319 | PPG_ATTR9_C4CA4238 | PPG_ATTR12_2BEF0FAC,2
PPG_ATTR1_4CE7686A | PPG_ATTR2_2BEF0FAC | PPG_ATTR3_16B57C4F | PPG_ATTR4_AE186179 | PPG_ATTR5_EBBB8723 | PPG_ATTR6_92B72C5A | PPG_ATTR7_A87D5006 | PPG_ATTR8_7FE34FAD | PPG_ATTR9_C4CA4238 | PPG_ATTR12_2BEF0FAC,2
PPG_ATTR1_7FC8EF04 | PPG_ATTR2_2BEF0FAC | PPG_ATTR3_7FC8EF04 | PPG_ATTR4_4FD27A4E | PPG_ATTR5_7FC8EF04 | PPG_ATTR6_5918E248 | PPG_ATTR7_A87D5006 | PPG_ATTR8_83F5974E | PPG_ATTR9_C4CA4238 | PPG_ATTR12_2BEF0FAC,0
PPG_ATTR1_7FC8EF04 | PPG_ATTR2_2BEF0FAC | PPG_ATTR3_7FC8EF04 | PPG_ATTR4_5C2AE06E | PPG_ATTR5_7FC8EF04 | PPG_ATTR6_7410C119 | PPG_ATTR7_164D04A0 | PPG_ATTR8_E7C18669 | PPG_ATTR9_C4CA4238 | PPG_ATTR12_2BEF0FAC,0
PPG_ATTR1_7FC8EF04 | PPG_ATTR2_2BEF0FAC | PPG_ATTR3_7FC8EF04 | PPG_ATTR4_8C4F4370 | PPG_ATTR5_7FC8EF04 | PPG_ATTR6_BF03469B | PPG_ATTR7_A87D5006 | PPG_ATTR8_500D2BD3 | PPG_ATTR9_C4CA4238 | PPG_ATTR12_2BEF0FAC,0
PPG_ATTR1_7FC8EF04 | PPG_ATTR2_2BEF0FAC | PPG_ATTR3_7FC8EF04 | PPG_ATTR4_8C4F4370 | PPG_ATTR5_7FC8EF04 | PPG_ATTR6_BF03469B | PPG_ATTR7_A87D5006 | PPG_ATTR8_8F4004C8 | PPG_ATTR9_C4CA4238 | PPG_ATTR12_2BEF0FAC,0
PPG_ATTR1_7FC8EF04 | PPG_ATTR2_2BEF0FAC | PPG_ATTR3_7FC8EF04 | PPG_ATTR4_8C4F4370 | PPG_ATTR5_7FC8EF04 | PPG_ATTR6_BF03469B | PPG_ATTR7_A87D5006 | PPG_ATTR8_BCE14A93 | PPG_ATTR9_C4CA4238 | PPG_ATTR12_2BEF0FAC,0
PPG_ATTR1_7FC8EF04 | PPG_ATTR2_2BEF0FAC | PPG_ATTR3_7FC8EF04 | PPG_ATTR4_A20E9B75 | PPG_ATTR5_7FC8EF04 | PPG_ATTR6_5918E248 | PPG_ATTR7_164D04A0 | PPG_ATTR8_12E2FBC2 | PPG_ATTR9_C4CA4238 | PPG_ATTR12_2BEF0FAC,0
PPG_ATTR1_7FC8EF04 | PPG_ATTR2_2BEF0FAC | PPG_ATTR3_7FC8EF04 | PPG_ATTR4_A20E9B75 | PPG_ATTR5_7FC8EF04 | PPG_ATTR6_5918E248 | PPG_ATTR7_164D04A0 | PPG_ATTR8_E8FEB8CF | PPG_ATTR9_C4CA4238 | PPG_ATTR12_2BEF0FAC,0
PPG_ATTR1_7FC8EF04 | PPG_ATTR2_2BEF0FAC | PPG_ATTR3_7FC8EF04 | PPG_ATTR4_A20E9B75 | PPG_ATTR5_7FC8EF04 | PPG_ATTR6_5918E248 | PPG_ATTR7_42E7BE8A | PPG_ATTR8_A2614F5B | PPG_ATTR9_C4CA4238 | PPG_ATTR12_2BEF0FAC,0
PPG_ATTR1_7FC8EF04 | PPG_ATTR2_2BEF0FAC | PPG_ATTR3_7FC8EF04 | PPG_ATTR4_A20E9B75 | PPG_ATTR5_7FC8EF04 | PPG_ATTR6_5918E248 | PPG_ATTR7_A87D5006 | PPG_ATTR8_E8FEB8CF | PPG_ATTR9_C4CA4238 | PPG_ATTR12_2BEF0FAC,0
PPG_ATTR1_7FC8EF04 | PPG_ATTR2_2BEF0FAC | PPG_ATTR3_7FC8EF04 | PPG_ATTR4_AE186179 | PPG_ATTR5_7FC8EF04 | PPG_ATTR6_7410C119 | PPG_ATTR7_164D04A0 | PPG_ATTR8_9694550C | PPG_ATTR9_C4CA4238 | PPG_ATTR12_2BEF0FAC,1
PPG_ATTR1_7FC8EF04 | PPG_ATTR2_2BEF0FAC | PPG_ATTR3_7FC8EF04 | PPG_ATTR4_AE186179 | PPG_ATTR5_7FC8EF04 | PPG_ATTR6_793F866E | PPG_ATTR7_164D04A0 | PPG_ATTR8_43CEB958 | PPG_ATTR9_C4CA4238 | PPG_ATTR12_2BEF0FAC,0
PPG_ATTR1_7FC8EF04 | PPG_ATTR2_2BEF0FAC | PPG_ATTR3_7FC8EF04 | PPG_ATTR4_AE186179 | PPG_ATTR5_7FC8EF04 | PPG_ATTR6_793F866E | PPG_ATTR7_164D04A0 | PPG_ATTR8_815FCC11 | PPG_ATTR9_C4CA4238 | PPG_ATTR12_2BEF0FAC,0
PPG_ATTR1_7FC8EF04 | PPG_ATTR2_2BEF0FAC | PPG_ATTR3_7FC8EF04 | PPG_ATTR4_AE186179 | PPG_ATTR5_7FC8EF04 | PPG_ATTR6_793F866E | PPG_ATTR7_164D04A0 | PPG_ATTR8_AA3AF832 | PPG_ATTR9_C4CA4238 | PPG_ATTR12_2BEF0FAC,0
PPG_ATTR1_7FC8EF04 | PPG_ATTR2_2BEF0FAC | PPG_ATTR3_7FC8EF04 | PPG_ATTR4_AE186179 | PPG_ATTR5_7FC8EF04 | PPG_ATTR6_793F866E | PPG_ATTR7_164D04A0 | PPG_ATTR8_EA2917A9 | PPG_ATTR9_C4CA4238 | PPG_ATTR12_2BEF0FAC,0
PPG_ATTR1_7FC8EF04 | PPG_ATTR2_2BEF0FAC | PPG_ATTR3_7FC8EF04 | PPG_ATTR4_AE186179 | PPG_ATTR5_7FC8EF04 | PPG_ATTR6_793F866E | PPG_ATTR7_8CCB97F4 | PPG_ATTR8_028C9CCB | PPG_ATTR9_C4CA4238 | PPG_ATTR12_2BEF0FAC,0
PPG_ATTR1_7FC8EF04 | PPG_ATTR2_2BEF0FAC | PPG_ATTR3_7FC8EF04 | PPG_ATTR4_AE186179 | PPG_ATTR5_7FC8EF04 | PPG_ATTR6_793F866E | PPG_ATTR7_A87D5006 | PPG_ATTR8_AA3AF832 | PPG_ATTR9_C4CA4238 | PPG_ATTR12_2BEF0FAC,0
PPG_ATTR1_7FC8EF04 | PPG_ATTR2_2BEF0FAC | PPG_ATTR3_7FC8EF04 | PPG_ATTR4_AE186179 | PPG_ATTR5_7FC8EF04 | PPG_ATTR6_85D5A5D4 | PPG_ATTR7_42E7BE8A | PPG_ATTR8_BCE14A93 | PPG_ATTR9_C4CA4238 | PPG_ATTR12_2BEF0FAC,0
PPG_ATTR1_7FC8EF04 | PPG_ATTR2_2BEF0FAC | PPG_ATTR3_7FC8EF04 | PPG_ATTR4_AE186179 | PPG_ATTR5_7FC8EF04 | PPG_ATTR6_85D5A5D4 | PPG_ATTR7_A87D5006 | PPG_ATTR8_BCE14A93 | PPG_ATTR9_C4CA4238 | PPG_ATTR12_2BEF0FAC,0
PPG_ATTR1_7FC8EF04 | PPG_ATTR2_2BEF0FAC | PPG_ATTR3_7FC8EF04 | PPG_ATTR4_AE186179 | PPG_ATTR5_7FC8EF04 | PPG_ATTR6_92B72C5A | PPG_ATTR7_164D04A0 | PPG_ATTR8_3B880000 | PPG_ATTR9_C4CA4238 | PPG_ATTR12_2BEF0FAC,0
PPG_ATTR1_7FC8EF04 | PPG_ATTR2_2BEF0FAC | PPG_ATTR3_7FC8EF04 | PPG_ATTR4_AE186179 | PPG_ATTR5_7FC8EF04 | PPG_ATTR6_92B72C5A | PPG_ATTR7_164D04A0 | PPG_ATTR8_43CEB958 | PPG_ATTR9_C4CA4238 | PPG_ATTR12_2BEF0FAC,1
PPG_ATTR1_7FC8EF04 | PPG_ATTR2_2BEF0FAC | PPG_ATTR3_7FC8EF04 | PPG_ATTR4_AE186179 | PPG_ATTR5_7FC8EF04 | PPG_ATTR6_92B72C5A | PPG_ATTR7_164D04A0 | PPG_ATTR8_815FCC11 | PPG_ATTR9_C4CA4238 | PPG_ATTR12_2BEF0FAC,0
PPG_ATTR1_7FC8EF04 | PPG_ATTR2_2BEF0FAC | PPG_ATTR3_7FC8EF04 | PPG_ATTR4_AE186179 | PPG_ATTR5_7FC8EF04 | PPG_ATTR6_92B72C5A | PPG_ATTR7_164D04A0 | PPG_ATTR8_AA3AF832 | PPG_ATTR9_C4CA4238 | PPG_ATTR12_2BEF0FAC,0
PPG_ATTR1_7FC8EF04 | PPG_ATTR2_2BEF0FAC | PPG_ATTR3_7FC8EF04 | PPG_ATTR4_AE186179 | PPG_ATTR5_7FC8EF04 | PPG_ATTR6_92B72C5A | PPG_ATTR7_164D04A0 | PPG_ATTR8_F4D31E69 | PPG_ATTR9_C4CA4238 | PPG_ATTR12_2BEF0FAC,0
PPG_ATTR1_7FC8EF04 | PPG_ATTR2_2BEF0FAC | PPG_ATTR3_7FC8EF04 | PPG_ATTR4_AE186179 | PPG_ATTR5_7FC8EF04 | PPG_ATTR6_92B72C5A | PPG_ATTR7_42E7BE8A | PPG_ATTR8_AA3AF832 | PPG_ATTR9_C4CA4238 | PPG_ATTR12_2BEF0FAC,0
PPG_ATTR1_7FC8EF04 | PPG_ATTR2_2BEF0FAC | PPG_ATTR3_7FC8EF04 | PPG_ATTR4_AE186179 | PPG_ATTR5_7FC8EF04 | PPG_ATTR6_92B72C5A | PPG_ATTR7_A87D5006 | PPG_ATTR8_43CEB958 | PPG_ATTR9_C4CA4238 | PPG_ATTR12_2BEF0FAC,1
PPG_ATTR1_7FC8EF04 | PPG_ATTR2_2BEF0FAC | PPG_ATTR3_7FC8EF04 | PPG_ATTR4_AE186179 | PPG_ATTR5_7FC8EF04 | PPG_ATTR6_92B72C5A | PPG_ATTR7_A87D5006 | PPG_ATTR8_815FCC11 | PPG_ATTR9_C4CA4238 | PPG_ATTR12_2BEF0FAC,0
PPG_ATTR1_7FC8EF04 | PPG_ATTR2_2BEF0FAC | PPG_ATTR3_7FC8EF04 | PPG_ATTR4_AE186179 | PPG_ATTR5_7FC8EF04 | PPG_ATTR6_92B72C5A | PPG_ATTR7_A87D5006 | PPG_ATTR8_AA3AF832 | PPG_ATTR9_C4CA4238 | PPG_ATTR12_2BEF0FAC,0
PPG_ATTR1_7FC8EF04 | PPG_ATTR2_2BEF0FAC | PPG_ATTR3_7FC8EF04 | PPG_ATTR4_AE186179 | PPG_ATTR5_7FC8EF04 | PPG_ATTR6_92B72C5A | PPG_ATTR7_A87D5006 | PPG_ATTR8_F4D31E69 | PPG_ATTR9_C4CA4238 | PPG_ATTR12_2BEF0FAC,0
PPG_ATTR1_9741B3F8 | PPG_ATTR2_2BEF0FAC | PPG_ATTR3_44D0B11B | PPG_ATTR4_AE186179 | PPG_ATTR5_9A2579F2 | PPG_ATTR6_92B72C5A | PPG_ATTR7_164D04A0 | PPG_ATTR8_65ED6200 | PPG_ATTR9_C4CA4238 | PPG_ATTR12_2BEF0FAC,0
PPG_ATTR1_9741B3F8 | PPG_ATTR2_2BEF0FAC | PPG_ATTR3_44D0B11B | PPG_ATTR4_AE186179 | PPG_ATTR5_CA7A0EB9 | PPG_ATTR6_793F866E | PPG_ATTR7_A87D5006 | PPG_ATTR8_65ED6200 | PPG_ATTR9_C4CA4238 | PPG_ATTR12_2BEF0FAC,0
PPG_ATTR1_9741B3F8 | PPG_ATTR2_2BEF0FAC | PPG_ATTR3_44D0B11B | PPG_ATTR4_AE186179 | PPG_ATTR5_DD97CBF2 | PPG_ATTR6_92B72C5A | PPG_ATTR7_8CCB97F4 | PPG_ATTR8_CD4F119F | PPG_ATTR9_C4CA4238 | PPG_ATTR12_2BEF0FAC,2
PPG_ATTR1_9DC591A2 | PPG_ATTR2_2BEF0FAC | PPG_ATTR3_9DC591A2 | PPG_ATTR4_A20E9B75 | PPG_ATTR5_0D368909 | PPG_ATTR6_5918E248 | PPG_ATTR7_A87D5006 | PPG_ATTR8_B761A5EE | PPG_ATTR9_C4CA4238 | PPG_ATTR12_2BEF0FAC,0
PPG_ATTR1_9DC591A2 | PPG_ATTR2_2BEF0FAC | PPG_ATTR3_9DC591A2 | PPG_ATTR4_A20E9B75 | PPG_ATTR5_0D368909 | PPG_ATTR6_5918E248 | PPG_ATTR7_A87D5006 | PPG_ATTR8_E8FEB8CF | PPG_ATTR9_C4CA4238 | PPG_ATTR12_2BEF0FAC,1
PPG_ATTR1_9DC591A2 | PPG_ATTR2_2BEF0FAC | PPG_ATTR3_9DC591A2 | PPG_ATTR4_AE186179 | PPG_ATTR5_2394847F | PPG_ATTR6_92B72C5A | PPG_ATTR7_A87D5006 | PPG_ATTR8_556A0B88 | PPG_ATTR9_C4CA4238 | PPG_ATTR12_2BEF0FAC,0
PPG_ATTR1_9DC591A2 | PPG_ATTR2_2BEF0FAC | PPG_ATTR3_9DC591A2 | PPG_ATTR4_AE186179 | PPG_ATTR5_8B0ED6E2 | PPG_ATTR6_92B72C5A | PPG_ATTR7_A87D5006 | PPG_ATTR8_85054D9E | PPG_ATTR9_C4CA4238 | PPG_ATTR12_2BEF0FAC,0
PPG_ATTR1_9DC591A2 | PPG_ATTR2_2BEF0FAC | PPG_ATTR3_9DC591A2 | PPG_ATTR4_AE186179 | PPG_ATTR5_8B0ED6E2 | PPG_ATTR6_92B72C5A | PPG_ATTR7_A87D5006 | PPG_ATTR8_A718BD30 | PPG_ATTR9_C4CA4238 | PPG_ATTR12_2BEF0FAC,0
PPG_ATTR1_9DC591A2 | PPG_ATTR2_2BEF0FAC | PPG_ATTR3_9DC591A2 | PPG_ATTR4_AE186179 | PPG_ATTR5_973D3C88 | PPG_ATTR6_92B72C5A | PPG_ATTR7_5964F492 | PPG_ATTR8_7FE34FAD | PPG_ATTR9_C4CA4238 | PPG_ATTR12_2BEF0FAC,2
PPG_ATTR1_9DC591A2 | PPG_ATTR2_2BEF0FAC | PPG_ATTR3_9DC591A2 | PPG_ATTR4_AE186179 | PPG_ATTR5_973D3C88 | PPG_ATTR6_92B72C5A | PPG_ATTR7_5964F492 | PPG_ATTR8_A718BD30 | PPG_ATTR9_C4CA4238 | PPG_ATTR12_2BEF0FAC,0
PPG_ATTR1_9DC591A2 | PPG_ATTR2_2BEF0FAC | PPG_ATTR3_9DC591A2 | PPG_ATTR4_AE186179 | PPG_ATTR5_B9BA36CA | PPG_ATTR6_92B72C5A | PPG_ATTR7_09111DF0 | PPG_ATTR8_556A0B88 | PPG_ATTR9_C4CA4238 | PPG_ATTR12_2BEF0FAC,2
PPG_ATTR1_9DC591A2 | PPG_ATTR2_2BEF0FAC | PPG_ATTR3_9DC591A2 | PPG_ATTR4_AE186179 | PPG_ATTR5_B9BA36CA | PPG_ATTR6_92B72C5A | PPG_ATTR7_09111DF0 | PPG_ATTR8_F4D31E69 | PPG_ATTR9_C4CA4238 | PPG_ATTR12_2BEF0FAC,0
PPG_ATTR1_9DC591A2 | PPG_ATTR2_2BEF0FAC | PPG_ATTR3_9DC591A2 | PPG_ATTR4_AE186179 | PPG_ATTR5_B9BA36CA | PPG_ATTR6_92B72C5A | PPG_ATTR7_099A7F43 | PPG_ATTR8_04AA706D | PPG_ATTR9_C4CA4238 | PPG_ATTR12_2BEF0FAC,1
PPG_ATTR1_9DC591A2 | PPG_ATTR2_2BEF0FAC | PPG_ATTR3_9DC591A2 | PPG_ATTR4_AE186179 | PPG_ATTR5_B9BA36CA | PPG_ATTR6_92B72C5A | PPG_ATTR7_099A7F43 | PPG_ATTR8_B44EA54A | PPG_ATTR9_C4CA4238 | PPG_ATTR12_2BEF0FAC,1
PPG_ATTR1_9DC591A2 | PPG_ATTR2_2BEF0FAC | PPG_ATTR3_9DC591A2 | PPG_ATTR4_AE186179 | PPG_ATTR5_B9BA36CA | PPG_ATTR6_92B72C5A | PPG_ATTR7_099A7F43 | PPG_ATTR8_CD4F119F | PPG_ATTR9_C4CA4238 | PPG_ATTR12_2BEF0FAC,2
PPG_ATTR1_9DC591A2 | PPG_ATTR2_2BEF0FAC | PPG_ATTR3_9DC591A2 | PPG_ATTR4_AE186179 | PPG_ATTR5_ED5B623D | PPG_ATTR6_92B72C5A | PPG_ATTR7_A87D5006 | PPG_ATTR8_F4D31E69 | PPG_ATTR9_C4CA4238 | PPG_ATTR12_2BEF0FAC,2
PPG_ATTR1_AC4EF538 | PPG_ATTR2_2BEF0FAC | PPG_ATTR3_73A77D65 | PPG_ATTR4_AE186179 | PPG_ATTR5_A92418DA | PPG_ATTR6_85D5A5D4 | PPG_ATTR7_25519A9F | PPG_ATTR8_B42BC8E3 | PPG_ATTR9_C4CA4238 | PPG_ATTR12_2BEF0FAC,0
PPG_ATTR1_AC4EF538 | PPG_ATTR2_2BEF0FAC | PPG_ATTR3_AC4EF538 | PPG_ATTR4_AE186179 | PPG_ATTR5_2E83D37A | PPG_ATTR6_85D5A5D4 | PPG_ATTR7_25519A9F | PPG_ATTR8_76846F25 | PPG_ATTR9_C4CA4238 | PPG_ATTR12_2BEF0FAC,0
PPG_ATTR1_AC4EF538 | PPG_ATTR2_2BEF0FAC | PPG_ATTR3_AC4EF538 | PPG_ATTR4_AE186179 | PPG_ATTR5_35B23AB3 | PPG_ATTR6_92B72C5A | PPG_ATTR7_A87D5006 | PPG_ATTR8_AA3AF832 | PPG_ATTR9_C4CA4238 | PPG_ATTR12_2BEF0FAC,2
PPG_ATTR1_AC4EF538 | PPG_ATTR2_2BEF0FAC | PPG_ATTR3_AC4EF538 | PPG_ATTR4_AE186179 | PPG_ATTR5_8461DF8D | PPG_ATTR6_92B72C5A | PPG_ATTR7_A87D5006 | PPG_ATTR8_AA3AF832 | PPG_ATTR9_C4CA4238 | PPG_ATTR12_2BEF0FAC,2
PPG_ATTR1_AC4EF538 | PPG_ATTR2_2BEF0FAC | PPG_ATTR3_AC4EF538 | PPG_ATTR4_AE186179 | PPG_ATTR5_86109CE4 | PPG_ATTR6_85D5A5D4 | PPG_ATTR7_25519A9F | PPG_ATTR8_BA319A8D | PPG_ATTR9_C4CA4238 | PPG_ATTR12_2BEF0FAC,0
PPG_ATTR1_AC4EF538 | PPG_ATTR2_2BEF0FAC | PPG_ATTR3_AC4EF538 | PPG_ATTR4_AE186179 | PPG_ATTR5_86109CE4 | PPG_ATTR6_85D5A5D4 | PPG_ATTR7_80892269 | PPG_ATTR8_BA319A8D | PPG_ATTR9_C4CA4238 | PPG_ATTR12_2BEF0FAC,0
PPG_ATTR1_AC4EF538 | PPG_ATTR2_2BEF0FAC | PPG_ATTR3_AC4EF538 | PPG_ATTR4_AE186179 | PPG_ATTR5_CEE8DE87 | PPG_ATTR6_92B72C5A | PPG_ATTR7_A87D5006 | PPG_ATTR8_9CC14087 | PPG_ATTR9_C4CA4238 | PPG_ATTR12_2BEF0FAC,0
PPG_ATTR1_ADF6245C | PPG_ATTR2_2BEF0FAC | PPG_ATTR3_2A25F6E6 | PPG_ATTR4_A20E9B75 | PPG_ATTR5_2A25F6E6 | PPG_ATTR6_5918E248 | PPG_ATTR7_164D04A0 | PPG_ATTR8_12E2FBC2 | PPG_ATTR9_C4CA4238 | PPG_ATTR12_2BEF0FAC,2
PPG_ATTR1_ADF6245C | PPG_ATTR2_2BEF0FAC | PPG_ATTR3_2A25F6E6 | PPG_ATTR4_AE186179 | PPG_ATTR5_33FD3D8A | PPG_ATTR6_7410C119 | PPG_ATTR7_164D04A0 | PPG_ATTR8_9694550C | PPG_ATTR9_C4CA4238 | PPG_ATTR12_2BEF0FAC,0
PPG_ATTR1_C8230F0F | PPG_ATTR2_2BEF0FAC | PPG_ATTR3_C8230F0F | PPG_ATTR4_AE186179 | PPG_ATTR5_058A42DF | PPG_ATTR6_793F866E | PPG_ATTR7_1D59B3C4 | PPG_ATTR8_43CEB958 | PPG_ATTR9_C4CA4238 | PPG_ATTR12_2BEF0FAC,2
PPG_ATTR1_C8230F0F | PPG_ATTR2_2BEF0FAC | PPG_ATTR3_C8230F0F | PPG_ATTR4_AE186179 | PPG_ATTR5_C8230F0F | PPG_ATTR6_92B72C5A | PPG_ATTR7_A87D5006 | PPG_ATTR8_CD4F119F | PPG_ATTR9_C4CA4238 | PPG_ATTR12_2BEF0FAC,2
PPG_ATTR1_D73C4117 | PPG_ATTR2_2BEF0FAC | PPG_ATTR3_0559DD57 | PPG_ATTR4_4FD27A4E | PPG_ATTR5_6911E774 | PPG_ATTR6_85D5A5D4 | PPG_ATTR7_164D04A0 | PPG_ATTR8_A57E7EC2 | PPG_ATTR9_C4CA4238 | PPG_ATTR12_2BEF0FAC,0
PPG_ATTR1_DA2953A2 | PPG_ATTR2_2BEF0FAC | PPG_ATTR3_DA2953A2 | PPG_ATTR4_A20E9B75 | PPG_ATTR5_DA2953A2 | PPG_ATTR6_5918E248 | PPG_ATTR7_A87D5006 | PPG_ATTR8_C3B1F2E3 | PPG_ATTR9_C4CA4238 | PPG_ATTR12_2BEF0FAC,2
PPG_ATTR1_DA2953A2 | PPG_ATTR2_2BEF0FAC | PPG_ATTR3_DA2953A2 | PPG_ATTR4_AE186179 | PPG_ATTR5_DA2953A2 | PPG_ATTR6_92B72C5A | PPG_ATTR7_A87D5006 | PPG_ATTR8_815FCC11 | PPG_ATTR9_C4CA4238 | PPG_ATTR12_2BEF0FAC,2
PPG_ATTR1_DC25081C | PPG_ATTR2_2BEF0FAC | PPG_ATTR3_DC25081C | PPG_ATTR4_4FD27A4E | PPG_ATTR5_241A0BB8 | PPG_ATTR6_92B72C5A | PPG_ATTR7_A87D5006 | PPG_ATTR8_0400AD8B | PPG_ATTR9_C4CA4238 | PPG_ATTR12_2BEF0FAC,0
PPG_ATTR1_DC25081C | PPG_ATTR2_2BEF0FAC | PPG_ATTR3_DC25081C | PPG_ATTR4_4FD27A4E | PPG_ATTR5_241A0BB8 | PPG_ATTR6_92B72C5A | PPG_ATTR7_A87D5006 | PPG_ATTR8_96FC7120 | PPG_ATTR9_C4CA4238 | PPG_ATTR12_2BEF0FAC,2
PPG_ATTR1_DC25081C | PPG_ATTR2_2BEF0FAC | PPG_ATTR3_DC25081C | PPG_ATTR4_4FD27A4E | PPG_ATTR5_55EC929C | PPG_ATTR6_92B72C5A | PPG_ATTR7_A87D5006 | PPG_ATTR8_CCFD05EB | PPG_ATTR9_C4CA4238 | PPG_ATTR12_2BEF0FAC,2
PPG_ATTR1_DC25081C | PPG_ATTR2_2BEF0FAC | PPG_ATTR3_DC25081C | PPG_ATTR4_A20E9B75 | PPG_ATTR5_416804E4 | PPG_ATTR6_5918E248 | PPG_ATTR7_A87D5006 | PPG_ATTR8_E8FEB8CF | PPG_ATTR9_C4CA4238 | PPG_ATTR12_2BEF0FAC,0
PPG_ATTR1_DC25081C | PPG_ATTR2_2BEF0FAC | PPG_ATTR3_DC25081C | PPG_ATTR4_AE186179 | PPG_ATTR5_3222F9B8 | PPG_ATTR6_92B72C5A | PPG_ATTR7_A87D5006 | PPG_ATTR8_9CC14087 | PPG_ATTR9_C4CA4238 | PPG_ATTR12_2BEF0FAC,2
PPG_ATTR1_DC25081C | PPG_ATTR2_2BEF0FAC | PPG_ATTR3_DC25081C | PPG_ATTR4_AE186179 | PPG_ATTR5_6EFB65BC | PPG_ATTR6_92B72C5A | PPG_ATTR7_A87D5006 | PPG_ATTR8_556A0B88 | PPG_ATTR9_C4CA4238 | PPG_ATTR12_2BEF0FAC,2
PPG_ATTR1_DC25081C | PPG_ATTR2_2BEF0FAC | PPG_ATTR3_DC25081C | PPG_ATTR4_AE186179 | PPG_ATTR5_6EFB65BC | PPG_ATTR6_92B72C5A | PPG_ATTR7_A87D5006 | PPG_ATTR8_A718BD30 | PPG_ATTR9_C4CA4238 | PPG_ATTR12_2BEF0FAC,2
PPG_ATTR1_DC25081C | PPG_ATTR2_2BEF0FAC | PPG_ATTR3_DC25081C | PPG_ATTR4_AE186179 | PPG_ATTR5_9F00F326 | PPG_ATTR6_793F866E | PPG_ATTR7_A87D5006 | PPG_ATTR8_A718BD30 | PPG_ATTR9_C4CA4238 | PPG_ATTR12_2BEF0FAC,2
PPG_ATTR1_DC25081C | PPG_ATTR2_2BEF0FAC | PPG_ATTR3_DC25081C | PPG_ATTR4_AE186179 | PPG_ATTR5_C502F34C | PPG_ATTR6_92B72C5A | PPG_ATTR7_A87D5006 | PPG_ATTR8_556A0B88 | PPG_ATTR9_C4CA4238 | PPG_ATTR12_2BEF0FAC,2
PPG_ATTR1_DC25081C | PPG_ATTR2_2BEF0FAC | PPG_ATTR3_DC25081C | PPG_ATTR4_AE186179 | PPG_ATTR5_C502F34C | PPG_ATTR6_92B72C5A | PPG_ATTR7_A87D5006 | PPG_ATTR8_815FCC11 | PPG_ATTR9_C4CA4238 | PPG_ATTR12_2BEF0FAC,2
PPG_ATTR1_DC25081C | PPG_ATTR2_2BEF0FAC | PPG_ATTR3_DC25081C | PPG_ATTR4_AE186179 | PPG_ATTR5_E8B84D45 | PPG_ATTR6_92B72C5A | PPG_ATTR7_164D04A0 | PPG_ATTR8_A718BD30 | PPG_ATTR9_C4CA4238 | PPG_ATTR12_2BEF0FAC,2
PPG_ATTR1_DC25081C | PPG_ATTR2_2BEF0FAC | PPG_ATTR3_DC25081C | PPG_ATTR4_AE186179 | PPG_ATTR5_FA5E9215 | PPG_ATTR6_92B72C5A | PPG_ATTR7_A87D5006 | PPG_ATTR8_556A0B88 | PPG_ATTR9_C4CA4238 | PPG_ATTR12_2BEF0FAC,2
PPG_ATTR1_DC25081C | PPG_ATTR2_2BEF0FAC | PPG_ATTR3_DC25081C | PPG_ATTR4_AE186179 | PPG_ATTR5_FA5E9215 | PPG_ATTR6_92B72C5A | PPG_ATTR7_A87D5006 | PPG_ATTR8_A718BD30 | PPG_ATTR9_C4CA4238 | PPG_ATTR12_2BEF0FAC,2
PPG_ATTR1_DE0C4AF4 | PPG_ATTR2_2BEF0FAC | PPG_ATTR3_E73B26E8 | PPG_ATTR4_4FD27A4E | PPG_ATTR5_52B80579 | PPG_ATTR6_5918E248 | PPG_ATTR7_164D04A0 | PPG_ATTR8_83F5974E | PPG_ATTR9_A87FF679 | PPG_ATTR12_2BEF0FAC,2
PPG_ATTR1_DE0C4AF4 | PPG_ATTR2_2BEF0FAC | PPG_ATTR3_E73B26E8 | PPG_ATTR4_4FD27A4E | PPG_ATTR5_52B80579 | PPG_ATTR6_5918E248 | PPG_ATTR7_164D04A0 | PPG_ATTR8_83F5974E | PPG_ATTR9_C4CA4238 | PPG_ATTR12_2BEF0FAC,2
PPG_ATTR1_DE0C4AF4 | PPG_ATTR2_2BEF0FAC | PPG_ATTR3_E73B26E8 | PPG_ATTR4_4FD27A4E | PPG_ATTR5_52B80579 | PPG_ATTR6_5918E248 | PPG_ATTR7_164D04A0 | PPG_ATTR8_83F5974E | PPG_ATTR9_C81E728D | PPG_ATTR12_2BEF0FAC,2
PPG_ATTR1_DE0C4AF4 | PPG_ATTR2_2BEF0FAC | PPG_ATTR3_E73B26E8 | PPG_ATTR4_4FD27A4E | PPG_ATTR5_52B80579 | PPG_ATTR6_5918E248 | PPG_ATTR7_A87D5006 | PPG_ATTR8_83F5974E | PPG_ATTR9_C81E728D | PPG_ATTR12_2BEF0FAC,0
PPG_ATTR1_DE0C4AF4 | PPG_ATTR2_2BEF0FAC | PPG_ATTR3_E73B26E8 | PPG_ATTR4_4FD27A4E | PPG_ATTR5_52B80579 | PPG_ATTR6_5918E248 | PPG_ATTR7_A87D5006 | PPG_ATTR8_83F5974E | PPG_ATTR9_C9F0F895 | PPG_ATTR12_2BEF0FAC,2
PPG_ATTR1_DE0C4AF4 | PPG_ATTR2_2BEF0FAC | PPG_ATTR3_E73B26E8 | PPG_ATTR4_4FD27A4E | PPG_ATTR5_52B80579 | PPG_ATTR6_5918E248 | PPG_ATTR7_C37DE1E7 | PPG_ATTR8_83F5974E | PPG_ATTR9_C9F0F895 | PPG_ATTR12_2BEF0FAC,2
PPG_ATTR1_DE0C4AF4 | PPG_ATTR2_2BEF0FAC | PPG_ATTR3_E73B26E8 | PPG_ATTR4_4FD27A4E | PPG_ATTR5_52B80579 | PPG_ATTR6_793F866E | PPG_ATTR7_A87D5006 | PPG_ATTR8_CCFD05EB | PPG_ATTR9_C4CA4238 | PPG_ATTR12_2BEF0FAC,0
PPG_ATTR1_DE0C4AF4 | PPG_ATTR2_2BEF0FAC | PPG_ATTR3_E73B26E8 | PPG_ATTR4_5C2AE06E | PPG_ATTR5_D24FDC8C | PPG_ATTR6_5918E248 | PPG_ATTR7_0BC77267 | PPG_ATTR8_51F67FFE | PPG_ATTR9_C4CA4238 | PPG_ATTR12_2BEF0FAC,0
PPG_ATTR1_DE0C4AF4 | PPG_ATTR2_2BEF0FAC | PPG_ATTR3_E73B26E8 | PPG_ATTR4_5C2AE06E | PPG_ATTR5_D24FDC8C | PPG_ATTR6_5918E248 | PPG_ATTR7_5964F492 | PPG_ATTR8_FF5704F1 | PPG_ATTR9_C4CA4238 | PPG_ATTR12_2BEF0FAC,0
PPG_ATTR1_DE0C4AF4 | PPG_ATTR2_2BEF0FAC | PPG_ATTR3_E73B26E8 | PPG_ATTR4_5C2AE06E | PPG_ATTR5_D24FDC8C | PPG_ATTR6_5918E248 | PPG_ATTR7_A87D5006 | PPG_ATTR8_FF5704F1 | PPG_ATTR9_C4CA4238 | PPG_ATTR12_2BEF0FAC,0
PPG_ATTR1_DE0C4AF4 | PPG_ATTR2_2BEF0FAC | PPG_ATTR3_E73B26E8 | PPG_ATTR4_8C4F4370 | PPG_ATTR5_E73B26E8 | PPG_ATTR6_BF03469B | PPG_ATTR7_A87D5006 | PPG_ATTR8_500D2BD3 | PPG_ATTR9_C4CA4238 | PPG_ATTR12_2BEF0FAC,0
PPG_ATTR1_DE0C4AF4 | PPG_ATTR2_2BEF0FAC | PPG_ATTR3_E73B26E8 | PPG_ATTR4_8C4F4370 | PPG_ATTR5_E73B26E8 | PPG_ATTR6_BF03469B | PPG_ATTR7_A87D5006 | PPG_ATTR8_847952AD | PPG_ATTR9_C4CA4238 | PPG_ATTR12_2BEF0FAC,2
PPG_ATTR1_DE0C4AF4 | PPG_ATTR2_2BEF0FAC | PPG_ATTR3_E73B26E8 | PPG_ATTR4_8C4F4370 | PPG_ATTR5_E73B26E8 | PPG_ATTR6_BF03469B | PPG_ATTR7_A87D5006 | PPG_ATTR8_BCE14A93 | PPG_ATTR9_C4CA4238 | PPG_ATTR12_2BEF0FAC,0
PPG_ATTR1_DE0C4AF4 | PPG_ATTR2_2BEF0FAC | PPG_ATTR3_E73B26E8 | PPG_ATTR4_A20E9B75 | PPG_ATTR5_60197F9D | PPG_ATTR6_5918E248 | PPG_ATTR7_A87D5006 | PPG_ATTR8_12E2FBC2 | PPG_ATTR9_C4CA4238 | PPG_ATTR12_2BEF0FAC,2
PPG_ATTR1_DE0C4AF4 | PPG_ATTR2_2BEF0FAC | PPG_ATTR3_E73B26E8 | PPG_ATTR4_A20E9B75 | PPG_ATTR5_F6F983C8 | PPG_ATTR6_5918E248 | PPG_ATTR7_164D04A0 | PPG_ATTR8_12E2FBC2 | PPG_ATTR9_1679091C | PPG_ATTR12_2BEF0FAC,0
PPG_ATTR1_DE0C4AF4 | PPG_ATTR2_2BEF0FAC | PPG_ATTR3_E73B26E8 | PPG_ATTR4_A20E9B75 | PPG_ATTR5_F6F983C8 | PPG_ATTR6_5918E248 | PPG_ATTR7_A87D5006 | PPG_ATTR8_83F5974E | PPG_ATTR9_1679091C | PPG_ATTR12_2BEF0FAC,2
PPG_ATTR1_DE0C4AF4 | PPG_ATTR2_2BEF0FAC | PPG_ATTR3_E73B26E8 | PPG_ATTR4_A20E9B75 | PPG_ATTR5_F6F983C8 | PPG_ATTR6_5918E248 | PPG_ATTR7_A87D5006 | PPG_ATTR8_B1D2AB2F | PPG_ATTR9_C4CA4238 | PPG_ATTR12_2BEF0FAC,2
PPG_ATTR1_DE0C4AF4 | PPG_ATTR2_2BEF0FAC | PPG_ATTR3_E73B26E8 | PPG_ATTR4_AE186179 | PPG_ATTR5_1D14595A | PPG_ATTR6_793F866E | PPG_ATTR7_A87D5006 | PPG_ATTR8_F4D31E69 | PPG_ATTR9_C4CA4238 | PPG_ATTR12_2BEF0FAC,1
PPG_ATTR1_DE0C4AF4 | PPG_ATTR2_2BEF0FAC | PPG_ATTR3_E73B26E8 | PPG_ATTR4_AE186179 | PPG_ATTR5_2403EEA1 | PPG_ATTR6_793F866E | PPG_ATTR7_A87D5006 | PPG_ATTR8_DC0D1220 | PPG_ATTR9_C4CA4238 | PPG_ATTR12_2BEF0FAC,2
PPG_ATTR1_DE0C4AF4 | PPG_ATTR2_2BEF0FAC | PPG_ATTR3_E73B26E8 | PPG_ATTR4_AE186179 | PPG_ATTR5_2403EEA1 | PPG_ATTR6_92B72C5A | PPG_ATTR7_A87D5006 | PPG_ATTR8_CD4F119F | PPG_ATTR9_C4CA4238 | PPG_ATTR12_2BEF0FAC,2
PPG_ATTR1_DE0C4AF4 | PPG_ATTR2_2BEF0FAC | PPG_ATTR3_E73B26E8 | PPG_ATTR4_AE186179 | PPG_ATTR5_2757963A | PPG_ATTR6_92B72C5A | PPG_ATTR7_164D04A0 | PPG_ATTR8_24719C82 | PPG_ATTR9_C4CA4238 | PPG_ATTR12_2BEF0FAC,0
PPG_ATTR1_DE0C4AF4 | PPG_ATTR2_2BEF0FAC | PPG_ATTR3_E73B26E8 | PPG_ATTR4_AE186179 | PPG_ATTR5_2757963A | PPG_ATTR6_92B72C5A | PPG_ATTR7_A87D5006 | PPG_ATTR8_1D3C716A | PPG_ATTR9_C4CA4238 | PPG_ATTR12_2BEF0FAC,2
PPG_ATTR1_DE0C4AF4 | PPG_ATTR2_2BEF0FAC | PPG_ATTR3_E73B26E8 | PPG_ATTR4_AE186179 | PPG_ATTR5_2757963A | PPG_ATTR6_92B72C5A | PPG_ATTR7_A87D5006 | PPG_ATTR8_24719C82 | PPG_ATTR9_C4CA4238 | PPG_ATTR12_2BEF0FAC,0
PPG_ATTR1_DE0C4AF4 | PPG_ATTR2_2BEF0FAC | PPG_ATTR3_E73B26E8 | PPG_ATTR4_AE186179 | PPG_ATTR5_2757963A | PPG_ATTR6_92B72C5A | PPG_ATTR7_A87D5006 | PPG_ATTR8_27E24868 | PPG_ATTR9_C4CA4238 | PPG_ATTR12_2BEF0FAC,2
PPG_ATTR1_DE0C4AF4 | PPG_ATTR2_2BEF0FAC | PPG_ATTR3_E73B26E8 | PPG_ATTR4_AE186179 | PPG_ATTR5_2757963A | PPG_ATTR6_92B72C5A | PPG_ATTR7_A87D5006 | PPG_ATTR8_AF79CB08 | PPG_ATTR9_C4CA4238 | PPG_ATTR12_2BEF0FAC,0
PPG_ATTR1_DE0C4AF4 | PPG_ATTR2_2BEF0FAC | PPG_ATTR3_E73B26E8 | PPG_ATTR4_AE186179 | PPG_ATTR5_2757963A | PPG_ATTR6_92B72C5A | PPG_ATTR7_C37DE1E7 | PPG_ATTR8_FAECA115 | PPG_ATTR9_C4CA4238 | PPG_ATTR12_2BEF0FAC,1
PPG_ATTR1_DE0C4AF4 | PPG_ATTR2_2BEF0FAC | PPG_ATTR3_E73B26E8 | PPG_ATTR4_AE186179 | PPG_ATTR5_2BF05292 | PPG_ATTR6_793F866E | PPG_ATTR7_A87D5006 | PPG_ATTR8_815FCC11 | PPG_ATTR9_C4CA4238 | PPG_ATTR12_2BEF0FAC,1
PPG_ATTR1_DE0C4AF4 | PPG_ATTR2_2BEF0FAC | PPG_ATTR3_E73B26E8 | PPG_ATTR4_AE186179 | PPG_ATTR5_35721C55 | PPG_ATTR6_793F866E | PPG_ATTR7_164D04A0 | PPG_ATTR8_08F6083D | PPG_ATTR9_C4CA4238 | PPG_ATTR12_2BEF0FAC,0
PPG_ATTR1_DE0C4AF4 | PPG_ATTR2_2BEF0FAC | PPG_ATTR3_E73B26E8 | PPG_ATTR4_AE186179 | PPG_ATTR5_35721C55 | PPG_ATTR6_793F866E | PPG_ATTR7_164D04A0 | PPG_ATTR8_93502A11 | PPG_ATTR9_C4CA4238 | PPG_ATTR12_2BEF0FAC,0
PPG_ATTR1_DE0C4AF4 | PPG_ATTR2_2BEF0FAC | PPG_ATTR3_E73B26E8 | PPG_ATTR4_AE186179 | PPG_ATTR5_35721C55 | PPG_ATTR6_793F866E | PPG_ATTR7_164D04A0 | PPG_ATTR8_D8EF598E | PPG_ATTR9_C4CA4238 | PPG_ATTR12_2BEF0FAC,0
PPG_ATTR1_DE0C4AF4 | PPG_ATTR2_2BEF0FAC | PPG_ATTR3_E73B26E8 | PPG_ATTR4_AE186179 | PPG_ATTR5_358E41BC | PPG_ATTR6_85D5A5D4 | PPG_ATTR7_C37DE1E7 | PPG_ATTR8_BCE14A93 | PPG_ATTR9_C4CA4238 | PPG_ATTR12_2BEF0FAC,1
PPG_ATTR1_DE0C4AF4 | PPG_ATTR2_2BEF0FAC | PPG_ATTR3_E73B26E8 | PPG_ATTR4_AE186179 | PPG_ATTR5_358E41BC | PPG_ATTR6_92B72C5A | PPG_ATTR7_C37DE1E7 | PPG_ATTR8_21D82E4F | PPG_ATTR9_C4CA4238 | PPG_ATTR12_2BEF0FAC,2
PPG_ATTR1_DE0C4AF4 | PPG_ATTR2_2BEF0FAC | PPG_ATTR3_E73B26E8 | PPG_ATTR4_AE186179 | PPG_ATTR5_43BD4087 | PPG_ATTR6_793F866E | PPG_ATTR7_A87D5006 | PPG_ATTR8_BCE417A1 | PPG_ATTR9_C4CA4238 | PPG_ATTR12_2BEF0FAC,2
PPG_ATTR1_DE0C4AF4 | PPG_ATTR2_2BEF0FAC | PPG_ATTR3_E73B26E8 | PPG_ATTR4_AE186179 | PPG_ATTR5_443C50B2 | PPG_ATTR6_793F866E | PPG_ATTR7_164D04A0 | PPG_ATTR8_1D3C716A | PPG_ATTR9_C4CA4238 | PPG_ATTR12_2BEF0FAC,1
PPG_ATTR1_DE0C4AF4 | PPG_ATTR2_2BEF0FAC | PPG_ATTR3_E73B26E8 | PPG_ATTR4_AE186179 | PPG_ATTR5_444AA6EB | PPG_ATTR6_92B72C5A | PPG_ATTR7_A87D5006 | PPG_ATTR8_74BD7946 | PPG_ATTR9_C4CA4238 | PPG_ATTR12_2BEF0FAC,1
PPG_ATTR1_DE0C4AF4 | PPG_ATTR2_2BEF0FAC | PPG_ATTR3_E73B26E8 | PPG_ATTR4_AE186179 | PPG_ATTR5_4C1BA32B | PPG_ATTR6_793F866E | PPG_ATTR7_820EAD78 | PPG_ATTR8_85054D9E | PPG_ATTR9_C4CA4238 | PPG_ATTR12_2BEF0FAC,2
PPG_ATTR1_DE0C4AF4 | PPG_ATTR2_2BEF0FAC | PPG_ATTR3_E73B26E8 | PPG_ATTR4_AE186179 | PPG_ATTR5_4C1BA32B | PPG_ATTR6_92B72C5A | PPG_ATTR7_164D04A0 | PPG_ATTR8_04AA706D | PPG_ATTR9_C4CA4238 | PPG_ATTR12_2BEF0FAC,2
PPG_ATTR1_DE0C4AF4 | PPG_ATTR2_2BEF0FAC | PPG_ATTR3_E73B26E8 | PPG_ATTR4_AE186179 | PPG_ATTR5_4C1BA32B | PPG_ATTR6_92B72C5A | PPG_ATTR7_164D04A0 | PPG_ATTR8_FAECA115 | PPG_ATTR9_C4CA4238 | PPG_ATTR12_2BEF0FAC,2
PPG_ATTR1_DE0C4AF4 | PPG_ATTR2_2BEF0FAC | PPG_ATTR3_E73B26E8 | PPG_ATTR4_AE186179 | PPG_ATTR5_582ECBA5 | PPG_ATTR6_793F866E | PPG_ATTR7_A87D5006 | PPG_ATTR8_D8EF598E | PPG_ATTR9_C4CA4238 | PPG_ATTR12_2BEF0FAC,0
PPG_ATTR1_DE0C4AF4 | PPG_ATTR2_2BEF0FAC | PPG_ATTR3_E73B26E8 | PPG_ATTR4_AE186179 | PPG_ATTR5_60AD950D | PPG_ATTR6_793F866E | PPG_ATTR7_A87D5006 | PPG_ATTR8_10797F53 | PPG_ATTR9_C4CA4238 | PPG_ATTR12_2BEF0FAC,2
PPG_ATTR1_DE0C4AF4 | PPG_ATTR2_2BEF0FAC | PPG_ATTR3_E73B26E8 | PPG_ATTR4_AE186179 | PPG_ATTR5_60AD950D | PPG_ATTR6_793F866E | PPG_ATTR7_A87D5006 | PPG_ATTR8_1D3C716A | PPG_ATTR9_C4CA4238 | PPG_ATTR12_2BEF0FAC,2
PPG_ATTR1_DE0C4AF4 | PPG_ATTR2_2BEF0FAC | PPG_ATTR3_E73B26E8 | PPG_ATTR4_AE186179 | PPG_ATTR5_60AD950D | PPG_ATTR6_793F866E | PPG_ATTR7_A87D5006 | PPG_ATTR8_59A8F8A8 | PPG_ATTR9_C4CA4238 | PPG_ATTR12_2BEF0FAC,2
PPG_ATTR1_DE0C4AF4 | PPG_ATTR2_2BEF0FAC | PPG_ATTR3_E73B26E8 | PPG_ATTR4_AE186179 | PPG_ATTR5_60AD950D | PPG_ATTR6_793F866E | PPG_ATTR7_A87D5006 | PPG_ATTR8_CD4F119F | PPG_ATTR9_C4CA4238 | PPG_ATTR12_2BEF0FAC,2
PPG_ATTR1_DE0C4AF4 | PPG_ATTR2_2BEF0FAC | PPG_ATTR3_E73B26E8 | PPG_ATTR4_AE186179 | PPG_ATTR5_61187E85 | PPG_ATTR6_793F866E | PPG_ATTR7_A87D5006 | PPG_ATTR8_21D82E4F | PPG_ATTR9_C4CA4238 | PPG_ATTR12_2BEF0FAC,2
PPG_ATTR1_DE0C4AF4 | PPG_ATTR2_2BEF0FAC | PPG_ATTR3_E73B26E8 | PPG_ATTR4_AE186179 | PPG_ATTR5_61187E85 | PPG_ATTR6_793F866E | PPG_ATTR7_A87D5006 | PPG_ATTR8_93502A11 | PPG_ATTR9_C4CA4238 | PPG_ATTR12_2BEF0FAC,2
PPG_ATTR1_DE0C4AF4 | PPG_ATTR2_2BEF0FAC | PPG_ATTR3_E73B26E8 | PPG_ATTR4_AE186179 | PPG_ATTR5_61187E85 | PPG_ATTR6_793F866E | PPG_ATTR7_A87D5006 | PPG_ATTR8_A718BD30 | PPG_ATTR9_C4CA4238 | PPG_ATTR12_2BEF0FAC,1
PPG_ATTR1_DE0C4AF4 | PPG_ATTR2_2BEF0FAC | PPG_ATTR3_E73B26E8 | PPG_ATTR4_AE186179 | PPG_ATTR5_61187E85 | PPG_ATTR6_793F866E | PPG_ATTR7_A87D5006 | PPG_ATTR8_CD4F119F | PPG_ATTR9_C4CA4238 | PPG_ATTR12_2BEF0FAC,2
PPG_ATTR1_DE0C4AF4 | PPG_ATTR2_2BEF0FAC | PPG_ATTR3_E73B26E8 | PPG_ATTR4_AE186179 | PPG_ATTR5_61187E85 | PPG_ATTR6_793F866E | PPG_ATTR7_C37DE1E7 | PPG_ATTR8_43CEB958 | PPG_ATTR9_C4CA4238 | PPG_ATTR12_2BEF0FAC,1
PPG_ATTR1_DE0C4AF4 | PPG_ATTR2_2BEF0FAC | PPG_ATTR3_E73B26E8 | PPG_ATTR4_AE186179 | PPG_ATTR5_61187E85 | PPG_ATTR6_793F866E | PPG_ATTR7_C37DE1E7 | PPG_ATTR8_93502A11 | PPG_ATTR9_C4CA4238 | PPG_ATTR12_2BEF0FAC,0
PPG_ATTR1_DE0C4AF4 | PPG_ATTR2_2BEF0FAC | PPG_ATTR3_E73B26E8 | PPG_ATTR4_AE186179 | PPG_ATTR5_61187E85 | PPG_ATTR6_793F866E | PPG_ATTR7_C37DE1E7 | PPG_ATTR8_CD4F119F | PPG_ATTR9_C4CA4238 | PPG_ATTR12_2BEF0FAC,2
PPG_ATTR1_DE0C4AF4 | PPG_ATTR2_2BEF0FAC | PPG_ATTR3_E73B26E8 | PPG_ATTR4_AE186179 | PPG_ATTR5_63A4BAD8 | PPG_ATTR6_793F866E | PPG_ATTR7_A87D5006 | PPG_ATTR8_43CEB958 | PPG_ATTR9_C4CA4238 | PPG_ATTR12_2BEF0FAC,2
PPG_ATTR1_DE0C4AF4 | PPG_ATTR2_2BEF0FAC | PPG_ATTR3_E73B26E8 | PPG_ATTR4_AE186179 | PPG_ATTR5_6D9F6599 | PPG_ATTR6_92B72C5A | PPG_ATTR7_D46B39B6 | PPG_ATTR8_43CEB958 | PPG_ATTR9_C4CA4238 | PPG_ATTR12_2BEF0FAC,2
PPG_ATTR1_DE0C4AF4 | PPG_ATTR2_2BEF0FAC | PPG_ATTR3_E73B26E8 | PPG_ATTR4_AE186179 | PPG_ATTR5_70E0660B | PPG_ATTR6_793F866E | PPG_ATTR7_C37DE1E7 | PPG_ATTR8_F7542FE0 | PPG_ATTR9_C4CA4238 | PPG_ATTR12_2BEF0FAC,2
PPG_ATTR1_DE0C4AF4 | PPG_ATTR2_2BEF0FAC | PPG_ATTR3_E73B26E8 | PPG_ATTR4_AE186179 | PPG_ATTR5_72780D54 | PPG_ATTR6_92B72C5A | PPG_ATTR7_A87D5006 | PPG_ATTR8_65ED6200 | PPG_ATTR9_C4CA4238 | PPG_ATTR12_2BEF0FAC,0
PPG_ATTR1_DE0C4AF4 | PPG_ATTR2_2BEF0FAC | PPG_ATTR3_E73B26E8 | PPG_ATTR4_AE186179 | PPG_ATTR5_837C07F1 | PPG_ATTR6_793F866E | PPG_ATTR7_164D04A0 | PPG_ATTR8_815FCC11 | PPG_ATTR9_C4CA4238 | PPG_ATTR12_2BEF0FAC,2
PPG_ATTR1_DE0C4AF4 | PPG_ATTR2_2BEF0FAC | PPG_ATTR3_E73B26E8 | PPG_ATTR4_AE186179 | PPG_ATTR5_837C07F1 | PPG_ATTR6_793F866E | PPG_ATTR7_A87D5006 | PPG_ATTR8_815FCC11 | PPG_ATTR9_C4CA4238 | PPG_ATTR12_2BEF0FAC,2
PPG_ATTR1_DE0C4AF4 | PPG_ATTR2_2BEF0FAC | PPG_ATTR3_E73B26E8 | PPG_ATTR4_AE186179 | PPG_ATTR5_837C07F1 | PPG_ATTR6_92B72C5A | PPG_ATTR7_A87D5006 | PPG_ATTR8_FAECA115 | PPG_ATTR9_C4CA4238 | PPG_ATTR12_2BEF0FAC,1
PPG_ATTR1_DE0C4AF4 | PPG_ATTR2_2BEF0FAC | PPG_ATTR3_E73B26E8 | PPG_ATTR4_AE186179 | PPG_ATTR5_83F6910A | PPG_ATTR6_793F866E | PPG_ATTR7_164D04A0 | PPG_ATTR8_77F2E3C1 | PPG_ATTR9_C4CA4238 | PPG_ATTR12_2BEF0FAC,1
PPG_ATTR1_DE0C4AF4 | PPG_ATTR2_2BEF0FAC | PPG_ATTR3_E73B26E8 | PPG_ATTR4_AE186179 | PPG_ATTR5_83F6910A | PPG_ATTR6_793F866E | PPG_ATTR7_164D04A0 | PPG_ATTR8_85054D9E | PPG_ATTR9_C4CA4238 | PPG_ATTR12_2BEF0FAC,0
PPG_ATTR1_DE0C4AF4 | PPG_ATTR2_2BEF0FAC | PPG_ATTR3_E73B26E8 | PPG_ATTR4_AE186179 | PPG_ATTR5_83F6910A | PPG_ATTR6_793F866E | PPG_ATTR7_164D04A0 | PPG_ATTR8_8D8F1FCE | PPG_ATTR9_C4CA4238 | PPG_ATTR12_2BEF0FAC,1
PPG_ATTR1_DE0C4AF4 | PPG_ATTR2_2BEF0FAC | PPG_ATTR3_E73B26E8 | PPG_ATTR4_AE186179 | PPG_ATTR5_83F6910A | PPG_ATTR6_793F866E | PPG_ATTR7_164D04A0 | PPG_ATTR8_CD4F119F | PPG_ATTR9_C4CA4238 | PPG_ATTR12_2BEF0FAC,2
PPG_ATTR1_DE0C4AF4 | PPG_ATTR2_2BEF0FAC | PPG_ATTR3_E73B26E8 | PPG_ATTR4_AE186179 | PPG_ATTR5_83F6910A | PPG_ATTR6_793F866E | PPG_ATTR7_A87D5006 | PPG_ATTR8_028C9CCB | PPG_ATTR9_C4CA4238 | PPG_ATTR12_2BEF0FAC,1
PPG_ATTR1_DE0C4AF4 | PPG_ATTR2_2BEF0FAC | PPG_ATTR3_E73B26E8 | PPG_ATTR4_AE186179 | PPG_ATTR5_83F6910A | PPG_ATTR6_793F866E | PPG_ATTR7_A87D5006 | PPG_ATTR8_30E5B856 | PPG_ATTR9_C4CA4238 | PPG_ATTR12_2BEF0FAC,1
PPG_ATTR1_DE0C4AF4 | PPG_ATTR2_2BEF0FAC | PPG_ATTR3_E73B26E8 | PPG_ATTR4_AE186179 | PPG_ATTR5_83F6910A | PPG_ATTR6_793F866E | PPG_ATTR7_A87D5006 | PPG_ATTR8_7529AB34 | PPG_ATTR9_C4CA4238 | PPG_ATTR12_2BEF0FAC,0
PPG_ATTR1_DE0C4AF4 | PPG_ATTR2_2BEF0FAC | PPG_ATTR3_E73B26E8 | PPG_ATTR4_AE186179 | PPG_ATTR5_84118360 | PPG_ATTR6_92B72C5A | PPG_ATTR7_5438D4D5 | PPG_ATTR8_1D3C716A | PPG_ATTR9_C4CA4238 | PPG_ATTR12_2BEF0FAC,2
PPG_ATTR1_DE0C4AF4 | PPG_ATTR2_2BEF0FAC | PPG_ATTR3_E73B26E8 | PPG_ATTR4_AE186179 | PPG_ATTR5_84118360 | PPG_ATTR6_92B72C5A | PPG_ATTR7_5438D4D5 | PPG_ATTR8_CD2CD891 | PPG_ATTR9_C4CA4238 | PPG_ATTR12_2BEF0FAC,2
PPG_ATTR1_DE0C4AF4 | PPG_ATTR2_2BEF0FAC | PPG_ATTR3_E73B26E8 | PPG_ATTR4_AE186179 | PPG_ATTR5_8A284A81 | PPG_ATTR6_92B72C5A | PPG_ATTR7_C37DE1E7 | PPG_ATTR8_1D3C716A | PPG_ATTR9_C4CA4238 | PPG_ATTR12_2BEF0FAC,2
PPG_ATTR1_DE0C4AF4 | PPG_ATTR2_2BEF0FAC | PPG_ATTR3_E73B26E8 | PPG_ATTR4_AE186179 | PPG_ATTR5_8A284A81 | PPG_ATTR6_92B72C5A | PPG_ATTR7_C37DE1E7 | PPG_ATTR8_27E24868 | PPG_ATTR9_C4CA4238 | PPG_ATTR12_2BEF0FAC,0
PPG_ATTR1_DE0C4AF4 | PPG_ATTR2_2BEF0FAC | PPG_ATTR3_E73B26E8 | PPG_ATTR4_AE186179 | PPG_ATTR5_8D117390 | PPG_ATTR6_7410C119 | PPG_ATTR7_164D04A0 | PPG_ATTR8_C07460EB | PPG_ATTR9_C4CA4238 | PPG_ATTR12_2BEF0FAC,2
PPG_ATTR1_DE0C4AF4 | PPG_ATTR2_2BEF0FAC | PPG_ATTR3_E73B26E8 | PPG_ATTR4_AE186179 | PPG_ATTR5_987A7EC2 | PPG_ATTR6_92B72C5A | PPG_ATTR7_C37DE1E7 | PPG_ATTR8_21D82E4F | PPG_ATTR9_C4CA4238 | PPG_ATTR12_2BEF0FAC,2
PPG_ATTR1_DE0C4AF4 | PPG_ATTR2_2BEF0FAC | PPG_ATTR3_E73B26E8 | PPG_ATTR4_AE186179 | PPG_ATTR5_A15E84BA | PPG_ATTR6_793F866E | PPG_ATTR7_164D04A0 | PPG_ATTR8_96FC7120 | PPG_ATTR9_C4CA4238 | PPG_ATTR12_2BEF0FAC,1
PPG_ATTR1_DE0C4AF4 | PPG_ATTR2_2BEF0FAC | PPG_ATTR3_E73B26E8 | PPG_ATTR4_AE186179 | PPG_ATTR5_A15E84BA | PPG_ATTR6_793F866E | PPG_ATTR7_164D04A0 | PPG_ATTR8_FDF7D55B | PPG_ATTR9_C4CA4238 | PPG_ATTR12_2BEF0FAC,1
PPG_ATTR1_DE0C4AF4 | PPG_ATTR2_2BEF0FAC | PPG_ATTR3_E73B26E8 | PPG_ATTR4_AE186179 | PPG_ATTR5_A15E84BA | PPG_ATTR6_793F866E | PPG_ATTR7_A87D5006 | PPG_ATTR8_4D34781C | PPG_ATTR9_C4CA4238 | PPG_ATTR12_2BEF0FAC,2
PPG_ATTR1_DE0C4AF4 | PPG_ATTR2_2BEF0FAC | PPG_ATTR3_E73B26E8 | PPG_ATTR4_AE186179 | PPG_ATTR5_A15E84BA | PPG_ATTR6_793F866E | PPG_ATTR7_A87D5006 | PPG_ATTR8_CD4F119F | PPG_ATTR9_C4CA4238 | PPG_ATTR12_2BEF0FAC,2
PPG_ATTR1_DE0C4AF4 | PPG_ATTR2_2BEF0FAC | PPG_ATTR3_E73B26E8 | PPG_ATTR4_AE186179 | PPG_ATTR5_B2D6C1E6 | PPG_ATTR6_793F866E | PPG_ATTR7_164D04A0 | PPG_ATTR8_2E1CCAFA | PPG_ATTR9_C4CA4238 | PPG_ATTR12_2BEF0FAC,2
PPG_ATTR1_DE0C4AF4 | PPG_ATTR2_2BEF0FAC | PPG_ATTR3_E73B26E8 | PPG_ATTR4_AE186179 | PPG_ATTR5_B2D6C1E6 | PPG_ATTR6_793F866E | PPG_ATTR7_164D04A0 | PPG_ATTR8_9A0328A0 | PPG_ATTR9_C4CA4238 | PPG_ATTR12_2BEF0FAC,0
PPG_ATTR1_DE0C4AF4 | PPG_ATTR2_2BEF0FAC | PPG_ATTR3_E73B26E8 | PPG_ATTR4_AE186179 | PPG_ATTR5_B2D6C1E6 | PPG_ATTR6_793F866E | PPG_ATTR7_164D04A0 | PPG_ATTR8_A718BD30 | PPG_ATTR9_C4CA4238 | PPG_ATTR12_2BEF0FAC,1
PPG_ATTR1_DE0C4AF4 | PPG_ATTR2_2BEF0FAC | PPG_ATTR3_E73B26E8 | PPG_ATTR4_AE186179 | PPG_ATTR5_B2D6C1E6 | PPG_ATTR6_793F866E | PPG_ATTR7_164D04A0 | PPG_ATTR8_E5D6B456 | PPG_ATTR9_C4CA4238 | PPG_ATTR12_2BEF0FAC,1
PPG_ATTR1_DE0C4AF4 | PPG_ATTR2_2BEF0FAC | PPG_ATTR3_E73B26E8 | PPG_ATTR4_AE186179 | PPG_ATTR5_B2D6C1E6 | PPG_ATTR6_793F866E | PPG_ATTR7_A87D5006 | PPG_ATTR8_E5D6B456 | PPG_ATTR9_C4CA4238 | PPG_ATTR12_2BEF0FAC,1
PPG_ATTR1_DE0C4AF4 | PPG_ATTR2_2BEF0FAC | PPG_ATTR3_E73B26E8 | PPG_ATTR4_AE186179 | PPG_ATTR5_B72693BD | PPG_ATTR6_92B72C5A | PPG_ATTR7_A87D5006 | PPG_ATTR8_9A0328A0 | PPG_ATTR9_C4CA4238 | PPG_ATTR12_2BEF0FAC,2
PPG_ATTR1_DE0C4AF4 | PPG_ATTR2_2BEF0FAC | PPG_ATTR3_E73B26E8 | PPG_ATTR4_AE186179 | PPG_ATTR5_C3628128 | PPG_ATTR6_793F866E | PPG_ATTR7_A87D5006 | PPG_ATTR8_FAECA115 | PPG_ATTR9_C4CA4238 | PPG_ATTR12_2BEF0FAC,2
PPG_ATTR1_DE0C4AF4 | PPG_ATTR2_2BEF0FAC | PPG_ATTR3_E73B26E8 | PPG_ATTR4_AE186179 | PPG_ATTR5_C3628128 | PPG_ATTR6_92B72C5A | PPG_ATTR7_164D04A0 | PPG_ATTR8_65ED6200 | PPG_ATTR9_C4CA4238 | PPG_ATTR12_2BEF0FAC,0
PPG_ATTR1_DE0C4AF4 | PPG_ATTR2_2BEF0FAC | PPG_ATTR3_E73B26E8 | PPG_ATTR4_AE186179 | PPG_ATTR5_C59B8ECB | PPG_ATTR6_793F866E | PPG_ATTR7_164D04A0 | PPG_ATTR8_43CEB958 | PPG_ATTR9_C4CA4238 | PPG_ATTR12_2BEF0FAC,0
PPG_ATTR1_DE0C4AF4 | PPG_ATTR2_2BEF0FAC | PPG_ATTR3_E73B26E8 | PPG_ATTR4_AE186179 | PPG_ATTR5_C59B8ECB | PPG_ATTR6_793F866E | PPG_ATTR7_164D04A0 | PPG_ATTR8_4D34781C | PPG_ATTR9_C4CA4238 | PPG_ATTR12_2BEF0FAC,0
PPG_ATTR1_DE0C4AF4 | PPG_ATTR2_2BEF0FAC | PPG_ATTR3_E73B26E8 | PPG_ATTR4_AE186179 | PPG_ATTR5_D71441D1 | PPG_ATTR6_92B72C5A | PPG_ATTR7_164D04A0 | PPG_ATTR8_2DA14E67 | PPG_ATTR9_C4CA4238 | PPG_ATTR12_2BEF0FAC,0
PPG_ATTR1_DE0C4AF4 | PPG_ATTR2_2BEF0FAC | PPG_ATTR3_E73B26E8 | PPG_ATTR4_AE186179 | PPG_ATTR5_D71441D1 | PPG_ATTR6_92B72C5A | PPG_ATTR7_A87D5006 | PPG_ATTR8_8D8F1FCE | PPG_ATTR9_C4CA4238 | PPG_ATTR12_2BEF0FAC,1
PPG_ATTR1_DE0C4AF4 | PPG_ATTR2_2BEF0FAC | PPG_ATTR3_E73B26E8 | PPG_ATTR4_AE186179 | PPG_ATTR5_F0786022 | PPG_ATTR6_92B72C5A | PPG_ATTR7_A87D5006 | PPG_ATTR8_DE7D6798 | PPG_ATTR9_C4CA4238 | PPG_ATTR12_2BEF0FAC,2
PPG_ATTR1_DE0C4AF4 | PPG_ATTR2_2BEF0FAC | PPG_ATTR3_E73B26E8 | PPG_ATTR4_EE74C825 | PPG_ATTR5_712478F3 | PPG_ATTR6_92B72C5A | PPG_ATTR7_A87D5006 | PPG_ATTR8_FE330FD3 | PPG_ATTR9_C4CA4238 | PPG_ATTR12_2BEF0FAC,0
PPG_ATTR1_E01BA633 | PPG_ATTR2_2BEF0FAC | PPG_ATTR3_1E47D8B2 | PPG_ATTR4_4FD27A4E | PPG_ATTR5_978453B1 | PPG_ATTR6_5918E248 | PPG_ATTR7_0DDF2ADB | PPG_ATTR8_83F5974E | PPG_ATTR9_C4CA4238 | PPG_ATTR12_2BEF0FAC,0
PPG_ATTR1_E01BA633 | PPG_ATTR2_2BEF0FAC | PPG_ATTR3_1E47D8B2 | PPG_ATTR4_4FD27A4E | PPG_ATTR5_978453B1 | PPG_ATTR6_5918E248 | PPG_ATTR7_A87D5006 | PPG_ATTR8_83F5974E | PPG_ATTR9_C4CA4238 | PPG_ATTR12_2BEF0FAC,0
PPG_ATTR1_E01BA633 | PPG_ATTR2_2BEF0FAC | PPG_ATTR3_1E47D8B2 | PPG_ATTR4_4FD27A4E | PPG_ATTR5_978453B1 | PPG_ATTR6_793F866E | PPG_ATTR7_A87D5006 | PPG_ATTR8_50AB2184 | PPG_ATTR9_C4CA4238 | PPG_ATTR12_2BEF0FAC,0
PPG_ATTR1_E01BA633 | PPG_ATTR2_2BEF0FAC | PPG_ATTR3_1E47D8B2 | PPG_ATTR4_4FD27A4E | PPG_ATTR5_978453B1 | PPG_ATTR6_793F866E | PPG_ATTR7_A87D5006 | PPG_ATTR8_FE330FD3 | PPG_ATTR9_C4CA4238 | PPG_ATTR12_2BEF0FAC,2
PPG_ATTR1_E01BA633 | PPG_ATTR2_2BEF0FAC | PPG_ATTR3_1E47D8B2 | PPG_ATTR4_5C2AE06E | PPG_ATTR5_3D02DBB7 | PPG_ATTR6_5918E248 | PPG_ATTR7_A87D5006 | PPG_ATTR8_83F5974E | PPG_ATTR9_C4CA4238 | PPG_ATTR12_2BEF0FAC,2
PPG_ATTR1_E01BA633 | PPG_ATTR2_2BEF0FAC | PPG_ATTR3_1E47D8B2 | PPG_ATTR4_8C4F4370 | PPG_ATTR5_1E47D8B2 | PPG_ATTR6_BF03469B | PPG_ATTR7_A87D5006 | PPG_ATTR8_500D2BD3 | PPG_ATTR9_C4CA4238 | PPG_ATTR12_2BEF0FAC,0
PPG_ATTR1_E01BA633 | PPG_ATTR2_2BEF0FAC | PPG_ATTR3_1E47D8B2 | PPG_ATTR4_8C4F4370 | PPG_ATTR5_1E47D8B2 | PPG_ATTR6_BF03469B | PPG_ATTR7_A87D5006 | PPG_ATTR8_72142A4E | PPG_ATTR9_C4CA4238 | PPG_ATTR12_2BEF0FAC,0
PPG_ATTR1_E01BA633 | PPG_ATTR2_2BEF0FAC | PPG_ATTR3_1E47D8B2 | PPG_ATTR4_A20E9B75 | PPG_ATTR5_FA7C381B | PPG_ATTR6_5918E248 | PPG_ATTR7_0DDF2ADB | PPG_ATTR8_E8FEB8CF | PPG_ATTR9_C4CA4238 | PPG_ATTR12_2BEF0FAC,0
PPG_ATTR1_E01BA633 | PPG_ATTR2_2BEF0FAC | PPG_ATTR3_1E47D8B2 | PPG_ATTR4_A20E9B75 | PPG_ATTR5_FA7C381B | PPG_ATTR6_5918E248 | PPG_ATTR7_A87D5006 | PPG_ATTR8_E8FEB8CF | PPG_ATTR9_C4CA4238 | PPG_ATTR12_2BEF0FAC,0
PPG_ATTR1_E01BA633 | PPG_ATTR2_2BEF0FAC | PPG_ATTR3_1E47D8B2 | PPG_ATTR4_A20E9B75 | PPG_ATTR5_FA7C381B | PPG_ATTR6_5918E248 | PPG_ATTR7_ACF61321 | PPG_ATTR8_E8FEB8CF | PPG_ATTR9_C4CA4238 | PPG_ATTR12_2BEF0FAC,2
PPG_ATTR1_E01BA633 | PPG_ATTR2_2BEF0FAC | PPG_ATTR3_1E47D8B2 | PPG_ATTR4_AE186179 | PPG_ATTR5_0217D1E4 | PPG_ATTR6_92B72C5A | PPG_ATTR7_A87D5006 | PPG_ATTR8_CD4F119F | PPG_ATTR9_C4CA4238 | PPG_ATTR12_2BEF0FAC,0
PPG_ATTR1_E01BA633 | PPG_ATTR2_2BEF0FAC | PPG_ATTR3_1E47D8B2 | PPG_ATTR4_AE186179 | PPG_ATTR5_1E34D2A1 | PPG_ATTR6_92B72C5A | PPG_ATTR7_A8296FE2 | PPG_ATTR8_9A0328A0 | PPG_ATTR9_C4CA4238 | PPG_ATTR12_2BEF0FAC,2
PPG_ATTR1_E01BA633 | PPG_ATTR2_2BEF0FAC | PPG_ATTR3_1E47D8B2 | PPG_ATTR4_AE186179 | PPG_ATTR5_1E47D8B2 | PPG_ATTR6_92B72C5A | PPG_ATTR7_A87D5006 | PPG_ATTR8_815FCC11 | PPG_ATTR9_C4CA4238 | PPG_ATTR12_2BEF0FAC,2
PPG_ATTR1_E01BA633 | PPG_ATTR2_2BEF0FAC | PPG_ATTR3_1E47D8B2 | PPG_ATTR4_AE186179 | PPG_ATTR5_3B22C775 | PPG_ATTR6_92B72C5A | PPG_ATTR7_A8296FE2 | PPG_ATTR8_FDF7D55B | PPG_ATTR9_C4CA4238 | PPG_ATTR12_2BEF0FAC,2
PPG_ATTR1_E01BA633 | PPG_ATTR2_2BEF0FAC | PPG_ATTR3_1E47D8B2 | PPG_ATTR4_AE186179 | PPG_ATTR5_E1B22430 | PPG_ATTR6_92B72C5A | PPG_ATTR7_A8296FE2 | PPG_ATTR8_8FD1F319 | PPG_ATTR9_C4CA4238 | PPG_ATTR12_2BEF0FAC,2
PPG_ATTR1_F6394E71 | PPG_ATTR2_2BEF0FAC | PPG_ATTR3_E06D3901 | PPG_ATTR4_A20E9B75 | PPG_ATTR5_E06D3901 | PPG_ATTR6_5918E248 | PPG_ATTR7_A87D5006 | PPG_ATTR8_4429DE84 | PPG_ATTR9_C4CA4238 | PPG_ATTR12_2BEF0FAC,2
PPG_ATTR1_F6394E71 | PPG_ATTR2_2BEF0FAC | PPG_ATTR3_E06D3901 | PPG_ATTR4_AE186179 | PPG_ATTR5_368A0D73 | PPG_ATTR6_793F866E | PPG_ATTR7_164D04A0 | PPG_ATTR8_0630FE17 | PPG_ATTR9_C4CA4238 | PPG_ATTR12_2BEF0FAC,2
PPG_ATTR1_F6394E71 | PPG_ATTR2_2BEF0FAC | PPG_ATTR3_E06D3901 | PPG_ATTR4_AE186179 | PPG_ATTR5_368A0D73 | PPG_ATTR6_793F866E | PPG_ATTR7_164D04A0 | PPG_ATTR8_0D4D1161 | PPG_ATTR9_C4CA4238 | PPG_ATTR12_2BEF0FAC,2
PPG_ATTR1_F6394E71 | PPG_ATTR2_2BEF0FAC | PPG_ATTR3_E06D3901 | PPG_ATTR4_AE186179 | PPG_ATTR5_368A0D73 | PPG_ATTR6_793F866E | PPG_ATTR7_164D04A0 | PPG_ATTR8_2A9D3BF9 | PPG_ATTR9_C4CA4238 | PPG_ATTR12_2BEF0FAC,2
PPG_ATTR1_F6394E71 | PPG_ATTR2_2BEF0FAC | PPG_ATTR3_E06D3901 | PPG_ATTR4_AE186179 | PPG_ATTR5_368A0D73 | PPG_ATTR6_793F866E | PPG_ATTR7_164D04A0 | PPG_ATTR8_74BD7946 | PPG_ATTR9_C4CA4238 | PPG_ATTR12_2BEF0FAC,2
PPG_ATTR1_F6394E71 | PPG_ATTR2_2BEF0FAC | PPG_ATTR3_E06D3901 | PPG_ATTR4_AE186179 | PPG_ATTR5_368A0D73 | PPG_ATTR6_793F866E | PPG_ATTR7_164D04A0 | PPG_ATTR8_7529AB34 | PPG_ATTR9_C4CA4238 | PPG_ATTR12_2BEF0FAC,2
PPG_ATTR1_F6394E71 | PPG_ATTR2_2BEF0FAC | PPG_ATTR3_E06D3901 | PPG_ATTR4_AE186179 | PPG_ATTR5_368A0D73 | PPG_ATTR6_793F866E | PPG_ATTR7_164D04A0 | PPG_ATTR8_D4C03136 | PPG_ATTR9_C4CA4238 | PPG_ATTR12_2BEF0FAC,2
PPG_ATTR1_F6394E71 | PPG_ATTR2_2BEF0FAC | PPG_ATTR3_E06D3901 | PPG_ATTR4_AE186179 | PPG_ATTR5_368A0D73 | PPG_ATTR6_793F866E | PPG_ATTR7_5B649031 | PPG_ATTR8_3B880000 | PPG_ATTR9_C4CA4238 | PPG_ATTR12_2BEF0FAC,0
PPG_ATTR1_F6394E71 | PPG_ATTR2_2BEF0FAC | PPG_ATTR3_E06D3901 | PPG_ATTR4_AE186179 | PPG_ATTR5_368A0D73 | PPG_ATTR6_793F866E | PPG_ATTR7_8BA7E203 | PPG_ATTR8_D8C88F69 | PPG_ATTR9_C4CA4238 | PPG_ATTR12_2BEF0FAC,2
PPG_ATTR1_F6394E71 | PPG_ATTR2_2BEF0FAC | PPG_ATTR3_E06D3901 | PPG_ATTR4_AE186179 | PPG_ATTR5_368A0D73 | PPG_ATTR6_793F866E | PPG_ATTR7_8BA7E203 | PPG_ATTR8_F4D31E69 | PPG_ATTR9_C4CA4238 | PPG_ATTR12_2BEF0FAC,0
PPG_ATTR1_F6394E71 | PPG_ATTR2_2BEF0FAC | PPG_ATTR3_E06D3901 | PPG_ATTR4_AE186179 | PPG_ATTR5_368A0D73 | PPG_ATTR6_793F866E | PPG_ATTR7_A87D5006 | PPG_ATTR8_27E24868 | PPG_ATTR9_C4CA4238 | PPG_ATTR12_2BEF0FAC,2
PPG_ATTR1_F6394E71 | PPG_ATTR2_2BEF0FAC | PPG_ATTR3_E06D3901 | PPG_ATTR4_AE186179 | PPG_ATTR5_368A0D73 | PPG_ATTR6_793F866E | PPG_ATTR7_A87D5006 | PPG_ATTR8_43C423D1 | PPG_ATTR9_C4CA4238 | PPG_ATTR12_2BEF0FAC,2
PPG_ATTR1_F6394E71 | PPG_ATTR2_2BEF0FAC | PPG_ATTR3_E06D3901 | PPG_ATTR4_AE186179 | PPG_ATTR5_368A0D73 | PPG_ATTR6_793F866E | PPG_ATTR7_A87D5006 | PPG_ATTR8_7529AB34 | PPG_ATTR9_C4CA4238 | PPG_ATTR12_2BEF0FAC,2
PPG_ATTR1_F6394E71 | PPG_ATTR2_2BEF0FAC | PPG_ATTR3_E06D3901 | PPG_ATTR4_AE186179 | PPG_ATTR5_368A0D73 | PPG_ATTR6_793F866E | PPG_ATTR7_A87D5006 | PPG_ATTR8_7FE34FAD | PPG_ATTR9_C4CA4238 | PPG_ATTR12_2BEF0FAC,0
PPG_ATTR1_F6394E71 | PPG_ATTR2_2BEF0FAC | PPG_ATTR3_E06D3901 | PPG_ATTR4_AE186179 | PPG_ATTR5_368A0D73 | PPG_ATTR6_793F866E | PPG_ATTR7_A87D5006 | PPG_ATTR8_81E6432C | PPG_ATTR9_C4CA4238 | PPG_ATTR12_2BEF0FAC,2
PPG_ATTR1_F6394E71 | PPG_ATTR2_2BEF0FAC | PPG_ATTR3_E06D3901 | PPG_ATTR4_AE186179 | PPG_ATTR5_368A0D73 | PPG_ATTR6_793F866E | PPG_ATTR7_A87D5006 | PPG_ATTR8_A718BD30 | PPG_ATTR9_C4CA4238 | PPG_ATTR12_2BEF0FAC,0
PPG_ATTR1_F6394E71 | PPG_ATTR2_2BEF0FAC | PPG_ATTR3_E06D3901 | PPG_ATTR4_AE186179 | PPG_ATTR5_368A0D73 | PPG_ATTR6_793F866E | PPG_ATTR7_A87D5006 | PPG_ATTR8_AF79CB08 | PPG_ATTR9_C4CA4238 | PPG_ATTR12_2BEF0FAC,2
PPG_ATTR1_F6394E71 | PPG_ATTR2_2BEF0FAC | PPG_ATTR3_E06D3901 | PPG_ATTR4_AE186179 | PPG_ATTR5_368A0D73 | PPG_ATTR6_793F866E | PPG_ATTR7_A87D5006 | PPG_ATTR8_D8C88F69 | PPG_ATTR9_C4CA4238 | PPG_ATTR12_2BEF0FAC,2
PPG_ATTR1_F6394E71 | PPG_ATTR2_2BEF0FAC | PPG_ATTR3_E06D3901 | PPG_ATTR4_AE186179 | PPG_ATTR5_4A5B601A | PPG_ATTR6_793F866E | PPG_ATTR7_164D04A0 | PPG_ATTR8_0A5237B7 | PPG_ATTR9_C4CA4238 | PPG_ATTR12_2BEF0FAC,1
PPG_ATTR1_F6394E71 | PPG_ATTR2_2BEF0FAC | PPG_ATTR3_E06D3901 | PPG_ATTR4_AE186179 | PPG_ATTR5_4A5B601A | PPG_ATTR6_793F866E | PPG_ATTR7_164D04A0 | PPG_ATTR8_D8EF598E | PPG_ATTR9_C4CA4238 | PPG_ATTR12_2BEF0FAC,1
PPG_ATTR1_F6394E71 | PPG_ATTR2_2BEF0FAC | PPG_ATTR3_E06D3901 | PPG_ATTR4_AE186179 | PPG_ATTR5_4A5B601A | PPG_ATTR6_793F866E | PPG_ATTR7_164D04A0 | PPG_ATTR8_F3F189D2 | PPG_ATTR9_C4CA4238 | PPG_ATTR12_2BEF0FAC,2
PPG_ATTR1_F6394E71 | PPG_ATTR2_2BEF0FAC | PPG_ATTR3_E06D3901 | PPG_ATTR4_AE186179 | PPG_ATTR5_4A5B601A | PPG_ATTR6_793F866E | PPG_ATTR7_3EF4F8F5 | PPG_ATTR8_D8EF598E | PPG_ATTR9_C4CA4238 | PPG_ATTR12_2BEF0FAC,1
PPG_ATTR1_F6394E71 | PPG_ATTR2_2BEF0FAC | PPG_ATTR3_E06D3901 | PPG_ATTR4_AE186179 | PPG_ATTR5_5A631A03 | PPG_ATTR6_793F866E | PPG_ATTR7_164D04A0 | PPG_ATTR8_0311DF10 | PPG_ATTR9_C4CA4238 | PPG_ATTR12_2BEF0FAC,0
PPG_ATTR1_F6394E71 | PPG_ATTR2_2BEF0FAC | PPG_ATTR3_E06D3901 | PPG_ATTR4_AE186179 | PPG_ATTR5_5A631A03 | PPG_ATTR6_793F866E | PPG_ATTR7_164D04A0 | PPG_ATTR8_1DA1C6BB | PPG_ATTR9_C4CA4238 | PPG_ATTR12_2BEF0FAC,2
PPG_ATTR1_F6394E71 | PPG_ATTR2_2BEF0FAC | PPG_ATTR3_E06D3901 | PPG_ATTR4_AE186179 | PPG_ATTR5_5A631A03 | PPG_ATTR6_793F866E | PPG_ATTR7_164D04A0 | PPG_ATTR8_36C204FB | PPG_ATTR9_C4CA4238 | PPG_ATTR12_2BEF0FAC,2
PPG_ATTR1_F6394E71 | PPG_ATTR2_2BEF0FAC | PPG_ATTR3_E06D3901 | PPG_ATTR4_AE186179 | PPG_ATTR5_5A631A03 | PPG_ATTR6_793F866E | PPG_ATTR7_164D04A0 | PPG_ATTR8_7FE34FAD | PPG_ATTR9_C4CA4238 | PPG_ATTR12_2BEF0FAC,1
PPG_ATTR1_F6394E71 | PPG_ATTR2_2BEF0FAC | PPG_ATTR3_E06D3901 | PPG_ATTR4_AE186179 | PPG_ATTR5_5A631A03 | PPG_ATTR6_793F866E | PPG_ATTR7_164D04A0 | PPG_ATTR8_815FCC11 | PPG_ATTR9_C4CA4238 | PPG_ATTR12_2BEF0FAC,2
PPG_ATTR1_F6394E71 | PPG_ATTR2_2BEF0FAC | PPG_ATTR3_E06D3901 | PPG_ATTR4_AE186179 | PPG_ATTR5_5A631A03 | PPG_ATTR6_793F866E | PPG_ATTR7_164D04A0 | PPG_ATTR8_8DDA4DA6 | PPG_ATTR9_C4CA4238 | PPG_ATTR12_2BEF0FAC,2
PPG_ATTR1_F6394E71 | PPG_ATTR2_2BEF0FAC | PPG_ATTR3_E06D3901 | PPG_ATTR4_AE186179 | PPG_ATTR5_5A631A03 | PPG_ATTR6_793F866E | PPG_ATTR7_164D04A0 | PPG_ATTR8_9A0328A0 | PPG_ATTR9_C4CA4238 | PPG_ATTR12_2BEF0FAC,0
PPG_ATTR1_F6394E71 | PPG_ATTR2_2BEF0FAC | PPG_ATTR3_E06D3901 | PPG_ATTR4_AE186179 | PPG_ATTR5_5A631A03 | PPG_ATTR6_793F866E | PPG_ATTR7_164D04A0 | PPG_ATTR8_A718BD30 | PPG_ATTR9_C4CA4238 | PPG_ATTR12_2BEF0FAC,2
PPG_ATTR1_F6394E71 | PPG_ATTR2_2BEF0FAC | PPG_ATTR3_E06D3901 | PPG_ATTR4_AE186179 | PPG_ATTR5_5A631A03 | PPG_ATTR6_793F866E | PPG_ATTR7_164D04A0 | PPG_ATTR8_AA3AF832 | PPG_ATTR9_C4CA4238 | PPG_ATTR12_2BEF0FAC,2
PPG_ATTR1_F6394E71 | PPG_ATTR2_2BEF0FAC | PPG_ATTR3_E06D3901 | PPG_ATTR4_AE186179 | PPG_ATTR5_5A631A03 | PPG_ATTR6_793F866E | PPG_ATTR7_164D04A0 | PPG_ATTR8_D8EF598E | PPG_ATTR9_C4CA4238 | PPG_ATTR12_2BEF0FAC,1
PPG_ATTR1_F6394E71 | PPG_ATTR2_2BEF0FAC | PPG_ATTR3_E06D3901 | PPG_ATTR4_AE186179 | PPG_ATTR5_5A631A03 | PPG_ATTR6_793F866E | PPG_ATTR7_164D04A0 | PPG_ATTR8_EA2917A9 | PPG_ATTR9_C4CA4238 | PPG_ATTR12_2BEF0FAC,2
PPG_ATTR1_F6394E71 | PPG_ATTR2_2BEF0FAC | PPG_ATTR3_E06D3901 | PPG_ATTR4_AE186179 | PPG_ATTR5_5A631A03 | PPG_ATTR6_793F866E | PPG_ATTR7_164D04A0 | PPG_ATTR8_F00A59A0 | PPG_ATTR9_C4CA4238 | PPG_ATTR12_2BEF0FAC,1
PPG_ATTR1_F6394E71 | PPG_ATTR2_2BEF0FAC | PPG_ATTR3_E06D3901 | PPG_ATTR4_AE186179 | PPG_ATTR5_5A631A03 | PPG_ATTR6_793F866E | PPG_ATTR7_A87D5006 | PPG_ATTR8_7529AB34 | PPG_ATTR9_C4CA4238 | PPG_ATTR12_2BEF0FAC,2
PPG_ATTR1_F6394E71 | PPG_ATTR2_2BEF0FAC | PPG_ATTR3_E06D3901 | PPG_ATTR4_AE186179 | PPG_ATTR5_5A631A03 | PPG_ATTR6_793F866E | PPG_ATTR7_A87D5006 | PPG_ATTR8_7FE34FAD | PPG_ATTR9_C4CA4238 | PPG_ATTR12_2BEF0FAC,2
PPG_ATTR1_F6394E71 | PPG_ATTR2_2BEF0FAC | PPG_ATTR3_E06D3901 | PPG_ATTR4_AE186179 | PPG_ATTR5_6E46E132 | PPG_ATTR6_793F866E | PPG_ATTR7_164D04A0 | PPG_ATTR8_0A5237B7 | PPG_ATTR9_C4CA4238 | PPG_ATTR12_2BEF0FAC,0
PPG_ATTR1_F6394E71 | PPG_ATTR2_2BEF0FAC | PPG_ATTR3_E06D3901 | PPG_ATTR4_AE186179 | PPG_ATTR5_6E46E132 | PPG_ATTR6_793F866E | PPG_ATTR7_164D04A0 | PPG_ATTR8_24719C82 | PPG_ATTR9_C4CA4238 | PPG_ATTR12_2BEF0FAC,2
PPG_ATTR1_F6394E71 | PPG_ATTR2_2BEF0FAC | PPG_ATTR3_E06D3901 | PPG_ATTR4_AE186179 | PPG_ATTR5_6E46E132 | PPG_ATTR6_793F866E | PPG_ATTR7_164D04A0 | PPG_ATTR8_2A40F9A5 | PPG_ATTR9_C4CA4238 | PPG_ATTR12_2BEF0FAC,0
PPG_ATTR1_F6394E71 | PPG_ATTR2_2BEF0FAC | PPG_ATTR3_E06D3901 | PPG_ATTR4_AE186179 | PPG_ATTR5_6E46E132 | PPG_ATTR6_793F866E | PPG_ATTR7_164D04A0 | PPG_ATTR8_2DAF50DA | PPG_ATTR9_C4CA4238 | PPG_ATTR12_2BEF0FAC,2
PPG_ATTR1_F6394E71 | PPG_ATTR2_2BEF0FAC | PPG_ATTR3_E06D3901 | PPG_ATTR4_AE186179 | PPG_ATTR5_6E46E132 | PPG_ATTR6_793F866E | PPG_ATTR7_164D04A0 | PPG_ATTR8_49D6F421 | PPG_ATTR9_C4CA4238 | PPG_ATTR12_2BEF0FAC,2
PPG_ATTR1_F6394E71 | PPG_ATTR2_2BEF0FAC | PPG_ATTR3_E06D3901 | PPG_ATTR4_AE186179 | PPG_ATTR5_6E46E132 | PPG_ATTR6_793F866E | PPG_ATTR7_164D04A0 | PPG_ATTR8_59A8F8A8 | PPG_ATTR9_C4CA4238 | PPG_ATTR12_2BEF0FAC,1
PPG_ATTR1_F6394E71 | PPG_ATTR2_2BEF0FAC | PPG_ATTR3_E06D3901 | PPG_ATTR4_AE186179 | PPG_ATTR5_6E46E132 | PPG_ATTR6_793F866E | PPG_ATTR7_164D04A0 | PPG_ATTR8_CD4F119F | PPG_ATTR9_C4CA4238 | PPG_ATTR12_2BEF0FAC,2
PPG_ATTR1_F6394E71 | PPG_ATTR2_2BEF0FAC | PPG_ATTR3_E06D3901 | PPG_ATTR4_AE186179 | PPG_ATTR5_6E46E132 | PPG_ATTR6_793F866E | PPG_ATTR7_164D04A0 | PPG_ATTR8_D1EA5417 | PPG_ATTR9_C4CA4238 | PPG_ATTR12_2BEF0FAC,1
PPG_ATTR1_F6394E71 | PPG_ATTR2_2BEF0FAC | PPG_ATTR3_E06D3901 | PPG_ATTR4_AE186179 | PPG_ATTR5_6E46E132 | PPG_ATTR6_793F866E | PPG_ATTR7_164D04A0 | PPG_ATTR8_DC0D1220 | PPG_ATTR9_C4CA4238 | PPG_ATTR12_2BEF0FAC,2
PPG_ATTR1_F6394E71 | PPG_ATTR2_2BEF0FAC | PPG_ATTR3_E06D3901 | PPG_ATTR4_AE186179 | PPG_ATTR5_6E46E132 | PPG_ATTR6_793F866E | PPG_ATTR7_164D04A0 | PPG_ATTR8_F00A59A0 | PPG_ATTR9_C4CA4238 | PPG_ATTR12_2BEF0FAC,2
PPG_ATTR1_F6394E71 | PPG_ATTR2_2BEF0FAC | PPG_ATTR3_E06D3901 | PPG_ATTR4_AE186179 | PPG_ATTR5_6E46E132 | PPG_ATTR6_793F866E | PPG_ATTR7_164D04A0 | PPG_ATTR8_F1AF1EA5 | PPG_ATTR9_C4CA4238 | PPG_ATTR12_2BEF0FAC,2
PPG_ATTR1_F6394E71 | PPG_ATTR2_2BEF0FAC | PPG_ATTR3_E06D3901 | PPG_ATTR4_AE186179 | PPG_ATTR5_6E46E132 | PPG_ATTR6_793F866E | PPG_ATTR7_164D04A0 | PPG_ATTR8_FAF10FA8 | PPG_ATTR9_C4CA4238 | PPG_ATTR12_2BEF0FAC,2
PPG_ATTR1_F6394E71 | PPG_ATTR2_2BEF0FAC | PPG_ATTR3_E06D3901 | PPG_ATTR4_AE186179 | PPG_ATTR5_6E46E132 | PPG_ATTR6_793F866E | PPG_ATTR7_A87D5006 | PPG_ATTR8_2A0C3659 | PPG_ATTR9_C4CA4238 | PPG_ATTR12_2BEF0FAC,2
PPG_ATTR1_F6394E71 | PPG_ATTR2_2BEF0FAC | PPG_ATTR3_E06D3901 | PPG_ATTR4_AE186179 | PPG_ATTR5_6E46E132 | PPG_ATTR6_793F866E | PPG_ATTR7_A87D5006 | PPG_ATTR8_85054D9E | PPG_ATTR9_C4CA4238 | PPG_ATTR12_2BEF0FAC,0
PPG_ATTR1_F6394E71 | PPG_ATTR2_2BEF0FAC | PPG_ATTR3_E06D3901 | PPG_ATTR4_AE186179 | PPG_ATTR5_6E46E132 | PPG_ATTR6_793F866E | PPG_ATTR7_A87D5006 | PPG_ATTR8_9CC14087 | PPG_ATTR9_C4CA4238 | PPG_ATTR12_2BEF0FAC,2
PPG_ATTR1_F6394E71 | PPG_ATTR2_2BEF0FAC | PPG_ATTR3_E06D3901 | PPG_ATTR4_AE186179 | PPG_ATTR5_6E46E132 | PPG_ATTR6_793F866E | PPG_ATTR7_A87D5006 | PPG_ATTR8_FAECA115 | PPG_ATTR9_C4CA4238 | PPG_ATTR12_2BEF0FAC,2
PPG_ATTR1_F6394E71 | PPG_ATTR2_2BEF0FAC | PPG_ATTR3_E06D3901 | PPG_ATTR4_AE186179 | PPG_ATTR5_D0B712C9 | PPG_ATTR6_793F866E | PPG_ATTR7_164D04A0 | PPG_ATTR8_A718BD30 | PPG_ATTR9_C4CA4238 | PPG_ATTR12_2BEF0FAC,2
PPG_ATTR1_F6394E71 | PPG_ATTR2_2BEF0FAC | PPG_ATTR3_E06D3901 | PPG_ATTR4_AE186179 | PPG_ATTR5_D0B712C9 | PPG_ATTR6_793F866E | PPG_ATTR7_8BA7E203 | PPG_ATTR8_D4C03136 | PPG_ATTR9_C4CA4238 | PPG_ATTR12_2BEF0FAC,0
PPG_ATTR1_F6394E71 | PPG_ATTR2_2BEF0FAC | PPG_ATTR3_E06D3901 | PPG_ATTR4_AE186179 | PPG_ATTR5_D0B712C9 | PPG_ATTR6_793F866E | PPG_ATTR7_A87D5006 | PPG_ATTR8_3F71E736 | PPG_ATTR9_C4CA4238 | PPG_ATTR12_2BEF0FAC,2
PPG_ATTR1_F6394E71 | PPG_ATTR2_2BEF0FAC | PPG_ATTR3_E06D3901 | PPG_ATTR4_AE186179 | PPG_ATTR5_F9538378 | PPG_ATTR6_793F866E | PPG_ATTR7_164D04A0 | PPG_ATTR8_F3F189D2 | PPG_ATTR9_C4CA4238 | PPG_ATTR12_2BEF0FAC,2
PPG_ATTR1_FF4AF2B2 | PPG_ATTR2_2BEF0FAC | PPG_ATTR3_FF4AF2B2 | PPG_ATTR4_AE186179 | PPG_ATTR5_FF4AF2B2 | PPG_ATTR6_92B72C5A | PPG_ATTR7_A87D5006 | PPG_ATTR8_A718BD30 | PPG_ATTR9_C4CA4238 | PPG_ATTR12_2BEF0FAC,2
